<?xml version="1.0" ?>
<LOG_ROOT>
	<PROJECT NAME="DE1_SoC">
		<CBX_INST_ENTRY INSTANCE_NAME="|DE1_SoC|first_nios2_system:nios2System|first_nios2_system_onchip_mem:onchip_mem|altsyncram:the_altsyncram" CBX_FILE_NAME="altsyncram_gvj1.tdf"/>
		<CBX_INST_ENTRY INSTANCE_NAME="|DE1_SoC|first_nios2_system:nios2System|first_nios2_system_cpu:cpu|first_nios2_system_cpu_register_bank_a_module:first_nios2_system_cpu_register_bank_a|altsyncram:the_altsyncram" CBX_FILE_NAME="altsyncram_7gn1.tdf"/>
		<CBX_INST_ENTRY INSTANCE_NAME="|DE1_SoC|first_nios2_system:nios2System|first_nios2_system_jtag_uart:jtag_uart|first_nios2_system_jtag_uart_scfifo_w:the_first_nios2_system_jtag_uart_scfifo_w|scfifo:wfifo" CBX_FILE_NAME="scfifo_3291.tdf"/>
		<CBX_INST_ENTRY INSTANCE_NAME="|DE1_SoC|first_nios2_system:nios2System|first_nios2_system_cpu:cpu|first_nios2_system_cpu_register_bank_b_module:first_nios2_system_cpu_register_bank_b|altsyncram:the_altsyncram" CBX_FILE_NAME="altsyncram_8gn1.tdf"/>
		<CBX_INST_ENTRY INSTANCE_NAME="|DE1_SoC|first_nios2_system:nios2System|first_nios2_system_cpu:cpu|first_nios2_system_cpu_nios2_oci:the_first_nios2_system_cpu_nios2_oci|first_nios2_system_cpu_nios2_ocimem:the_first_nios2_system_cpu_nios2_ocimem|first_nios2_system_cpu_ociram_sp_ram_module:first_nios2_system_cpu_ociram_sp_ram|altsyncram:the_altsyncram" CBX_FILE_NAME="altsyncram_qmf1.tdf"/>
		<CBX_INST_ENTRY INSTANCE_NAME="|DE1_SoC|first_nios2_system:nios2System|first_nios2_system_jtag_uart:jtag_uart|first_nios2_system_jtag_uart_scfifo_r:the_first_nios2_system_jtag_uart_scfifo_r|scfifo:rfifo" CBX_FILE_NAME="scfifo_3291.tdf"/>
	</PROJECT>
</LOG_ROOT>
